query_scope,query_terms,sec_code_raw,sec_code,sec_name,org_id,announcement_id,announcement_title,announcement_date,announcement_time_ms,adjunct_url,pdf_url,adjunct_size,adjunct_type,page_column,column_id
szse_a,大模型;大语言模型,300418,300418,昆仑万维,9900023869,1216367373,关于发布大语言模型“天工”3.5的公告,2023-04-10,1681114583000,finalpage/2023-04-10/1216367373.PDF,https://static.cninfo.com.cn/finalpage/2023-04-10/1216367373.PDF,151,PDF,SZCY,09020202||160203||250301||251302
szse_a,大模型,002230,002230,科大讯飞,9900004565,1216436018,关于举办业绩说明会及认知大模型成果发布会的公告,2023-04-17,1681747200000,finalpage/2023-04-18/1216436018.PDF,https://static.cninfo.com.cn/finalpage/2023-04-18/1216436018.PDF,174,PDF,SZZB,09020202||250101||251302
szse_a,人工智能,000925,000925,众合科技,gssz0000925,1216516374,关于与专业投资机构合作开展围绕物联网与人工智能领域基金投资的进展公告之四,2023-04-21,1682092800000,finalpage/2023-04-22/1216516374.PDF,https://static.cninfo.com.cn/finalpage/2023-04-22/1216516374.PDF,437,PDF,SZZB,09020202||250101||251302
szse_a,人工智能,002065,002065,东华软件,9900000405,1216517202,关于全资子公司投标“沈阳人工智能计算中心二期扩容项目”中标结果的公告,2023-04-21,1682092800000,finalpage/2023-04-22/1216517202.PDF,https://static.cninfo.com.cn/finalpage/2023-04-22/1216517202.PDF,163,PDF,SZZB,09020202||250101||251302
szse_a,人工智能,300081,300081,恒信东方,9900012108,1216555958,人工智能算力中心平台建设及运营项目可行性研究报告,2023-04-24,1682337316000,finalpage/2023-04-24/1216555958.PDF,https://static.cninfo.com.cn/finalpage/2023-04-24/1216555958.PDF,455,PDF,SZCY,09020202||160203||250301||251302
szse_a,大模型;星火认知;讯飞星火,002230,002230,科大讯飞,9900004565,1216758016,关于讯飞星火认知大模型成果发布会的提示性公告,2023-05-05,1683302400000,finalpage/2023-05-06/1216758016.PDF,https://static.cninfo.com.cn/finalpage/2023-05-06/1216758016.PDF,119,PDF,SZZB,09020202||250101||251302
szse_a,人工智能,300288,300288,朗玛信息,9900021632,1216811847,关于召开国家健康医疗大数据西部中心人工智能建设成果——“朗玛·39AI全科医生”发布会的提示性公告,2023-05-12,1683895104000,finalpage/2023-05-12/1216811847.PDF,https://static.cninfo.com.cn/finalpage/2023-05-12/1216811847.PDF,86,PDF,SZCY,09020202||160203||250301||251302
szse_a,人工智能,300288,300288,朗玛信息,9900021632,1216926420,关于召开国家健康医疗大数据西部中心人工智能建设成果——“朗玛·39AI全科医生”发布会的公告,2023-05-28,1685289600000,finalpage/2023-05-29/1216926420.PDF,https://static.cninfo.com.cn/finalpage/2023-05-29/1216926420.PDF,109,PDF,SZCY,09020202||160203||250301||251302
szse_a,大模型;星火认知;讯飞星火,002230,002230,科大讯飞,9900004565,1217002411,关于讯飞星火认知大模型升级发布会的提示性公告,2023-06-06,1686067200000,finalpage/2023-06-07/1217002411.PDF,https://static.cninfo.com.cn/finalpage/2023-06-07/1217002411.PDF,119,PDF,SZZB,09020202||250101||251302
szse_a,人工智能,002065,002065,东华软件,9900000405,1217227945,关于全资子公司收到“武汉人工智能计算中心项目扩容(三期)”中标通知书的公告,2023-07-06,1688659200000,finalpage/2023-07-07/1217227945.PDF,https://static.cninfo.com.cn/finalpage/2023-07-07/1217227945.PDF,129,PDF,SZZB,09020202||250101||251302
szse_a,大模型,300275,300275,梅安森,9900021354,1217466857,关于自愿披露共建矿山安全大模型联合实验室合作协议的公告,2023-08-04,1691164800000,finalpage/2023-08-05/1217466857.PDF,https://static.cninfo.com.cn/finalpage/2023-08-05/1217466857.PDF,200,PDF,SZCY,09020202||160203||250301||251302
szse_a,大模型;星火认知;讯飞星火,002230,002230,科大讯飞,9900004565,1217529975,关于讯飞星火认知大模型升级发布会的提示性公告,2023-08-14,1692028800000,finalpage/2023-08-15/1217529975.PDF,https://static.cninfo.com.cn/finalpage/2023-08-15/1217529975.PDF,213,PDF,SZZB,09020202||250101||251302
szse_a,大模型,002362,002362,汉王科技,9900010769,1218014039,关于召开汉王天地大模型阶段成果发布会的提示性公告,2023-10-11,1697040000000,finalpage/2023-10-12/1218014039.PDF,https://static.cninfo.com.cn/finalpage/2023-10-12/1218014039.PDF,260,PDF,SZZB,09020202||250101||251302
sse_a,人工智能,600797,600797,浙大网新,gssh0600797,1218188858,浙大网新科技股份有限公司关于建设浙大网新人工智能产业园为江苏业务总部的公告,2023-10-27,1698422400000,finalpage/2023-10-28/1218188858.PDF,https://static.cninfo.com.cn/finalpage/2023-10-28/1218188858.PDF,548,PDF,SHZB,250401||251302
szse_a,大模型;模型备案,300288,300288,朗玛信息,9900021632,1218382554,关于“39AI全科医生”大模型备案通过的公告,2023-11-20,1700482586000,finalpage/2023-11-20/1218382554.PDF,https://static.cninfo.com.cn/finalpage/2023-11-20/1218382554.PDF,154,PDF,SZCY,09020202||160203||250301||251302
szse_a,人工智能,002152,002152,广电运通,9900003423,1218392253,关于广州数据集团人工智能公共算力中心建设项目设备及配套服务采购项目成交候选人公示的提示性公告,2023-11-21,1700582400000,finalpage/2023-11-22/1218392253.PDF,https://static.cninfo.com.cn/finalpage/2023-11-22/1218392253.PDF,108,PDF,SZZB,09020202||250101||251302
szse_a,人工智能,002152,002152,广电运通,9900003423,1218719837,关于承接广州数据集团人工智能公共算力中心建设项目设备及配套服务采购项目暨关联交易的公告,2023-12-25,1703520000000,finalpage/2023-12-26/1218719837.PDF,https://static.cninfo.com.cn/finalpage/2023-12-26/1218719837.PDF,144,PDF,SZZB,09020202||250101||251302
szse_a,人工智能,002973,002973,侨银股份,9900037236,1219044121,关于与多家科研院所签署人工智能相关战略协议并共同成立侨银数智城市研究院的公告,2024-01-30,1706630400000,finalpage/2024-01-31/1219044121.PDF,https://static.cninfo.com.cn/finalpage/2024-01-31/1219044121.PDF,264,PDF,SZZB,09020202||250101||251302
szse_a,大模型;模型备案,002530,002530,金财互联,9900016747,1219143745,关于“欣智悦财税大模型算法”备案通过的公告,2024-02-20,1708444800000,finalpage/2024-02-21/1219143745.PDF,https://static.cninfo.com.cn/finalpage/2024-02-21/1219143745.PDF,214,PDF,SZZB,09020202||250101||251302
sse_a,人工智能,600998,600998,九州通,9900015627,1219528849,九州通关于与北京大学武汉人工智能研究院共建人工智能联合实验室的公告,2024-04-07,1712505600000,finalpage/2024-04-08/1219528849.PDF,https://static.cninfo.com.cn/finalpage/2024-04-08/1219528849.PDF,180,PDF,SHZB,250401||251302
sse_a,人工智能,600998,600998,九州通,9900015627,1219537584,九州通关于与北京大学武汉人工智能研究院共建人工智能联合实验室的补充公告,2024-04-08,1712592000000,finalpage/2024-04-09/1219537584.PDF,https://static.cninfo.com.cn/finalpage/2024-04-09/1219537584.PDF,153,PDF,SHZB,250401||251302
bse_a,智谱,837592,837592,华信永道,gfbj0837592,1220187010,关于公司与智谱AI战略合作的进展公告,2024-05-27,1716825600000,finalpage/2024-05-28/1220187010.PDF,https://static.cninfo.com.cn/finalpage/2024-05-28/1220187010.PDF,126,PDF,BJS,251302||253301
szse_a,大模型;讯飞星火,002230,002230,科大讯飞,9900004565,1220444099,关于讯飞星火大模型升级发布会的提示性公告,2024-06-24,1719244800000,finalpage/2024-06-25/1220444099.PDF,https://static.cninfo.com.cn/finalpage/2024-06-25/1220444099.PDF,301,PDF,SZZB,09020202||250101||251302
szse_a,人工智能,002152,002152,广电运通,9900003423,1220850135,关于承接广州数据集团人工智能公共算力中心建设项目新增设备及配套服务采购项目暨关联交易的公告,2024-08-12,1723478400000,finalpage/2024-08-13/1220850135.PDF,https://static.cninfo.com.cn/finalpage/2024-08-13/1220850135.PDF,140,PDF,SZZB,09020202||250101||251302
bse_a,人工智能,872925,872925,锦好医疗,gfbj0872925,1220910473,关于入选人工智能医疗器械创新任务揭榜挂帅优胜单位名单的公告,2024-08-18,1723996800000,finalpage/2024-08-19/1220910473.PDF,https://static.cninfo.com.cn/finalpage/2024-08-19/1220910473.PDF,178,PDF,BJS,251302||253301
sse_a,人工智能,688118,688118,普元信息,9900023069,1221032246,普元信息技术股份有限公司关于参加2024年半年度软件及人工智能行业集体业绩说明会的公告,2024-08-28,1724860800000,finalpage/2024-08-29/1221032246.PDF,https://static.cninfo.com.cn/finalpage/2024-08-29/1221032246.PDF,170,PDF,SHKCB,251302||253201
sse_a,人工智能,688132,688132,邦彦技术,9900041778,1221114252,关于参加 2024年半年度科创板软件及人工智能专场集体业绩说明会的公告,2024-09-02,1725292800000,finalpage/2024-09-03/1221114252.PDF,https://static.cninfo.com.cn/finalpage/2024-09-03/1221114252.PDF,203,PDF,SHKCB,251302||253201
sse_a,人工智能,688479,688479,友车科技,gfbj0839951,1221113345,关于参加2024年半年度科创板软件及人工智能专场集体业绩说明会的公告,2024-09-02,1725292800000,finalpage/2024-09-03/1221113345.PDF,https://static.cninfo.com.cn/finalpage/2024-09-03/1221113345.PDF,175,PDF,SHKCB,251302||253201
sse_a,人工智能,688568,688568,中科星图,9900038994,1221114096,中科星图股份有限公司关于参加2024年半年度软件及人工智能专场集体业绩说明会的公告,2024-09-02,1725292800000,finalpage/2024-09-03/1221114096.PDF,https://static.cninfo.com.cn/finalpage/2024-09-03/1221114096.PDF,321,PDF,SHKCB,251302||253201
sse_a,人工智能,688039,688039,当虹科技,9900038989,1221123329,杭州当虹科技股份有限公司关于参加2024年半年度科创板软件及人工智能专场集体业绩说明会的公告,2024-09-03,1725379200000,finalpage/2024-09-04/1221123329.PDF,https://static.cninfo.com.cn/finalpage/2024-09-04/1221123329.PDF,180,PDF,SHKCB,251302||253201
sse_a,人工智能,688207,688207,格灵深瞳,9900047656,1221122236,格灵深瞳关于参加2024年半年度软件及人工智能专场集体业绩说明会的公告,2024-09-03,1725379200000,finalpage/2024-09-04/1221122236.PDF,https://static.cninfo.com.cn/finalpage/2024-09-04/1221122236.PDF,173,PDF,SHKCB,251302||253201
sse_a,人工智能,688228,688228,开普云,gfbj0870863,1221123972,关于参加2024年半年度软件及人工智能专场集体业绩说明会的公告,2024-09-03,1725379200000,finalpage/2024-09-04/1221123972.PDF,https://static.cninfo.com.cn/finalpage/2024-09-04/1221123972.PDF,121,PDF,SHKCB,251302||253201
sse_a,人工智能,688322,688322,奥比中光,9900048777,1221122391,关于参加2024年半年度科创板软件及人工智能专场集体业绩说明会的公告,2024-09-03,1725379200000,finalpage/2024-09-04/1221122391.PDF,https://static.cninfo.com.cn/finalpage/2024-09-04/1221122391.PDF,260,PDF,SHKCB,251302||253201
sse_a,人工智能,688365,688365,光云科技,9900039491,1221123733,光云科技：关于参加2024年半年度软件及人工智能专场集体业绩说明会的公告,2024-09-03,1725379200000,finalpage/2024-09-04/1221123733.PDF,https://static.cninfo.com.cn/finalpage/2024-09-04/1221123733.PDF,247,PDF,SHKCB,251302||253201
sse_a,人工智能,688004,688004,博汇科技,gfbj0871038,1221137172,博汇科技关于参加2024年半年度科创板软件及人工智能专场集体业绩说明会的公告,2024-09-04,1725465600000,finalpage/2024-09-05/1221137172.PDF,https://static.cninfo.com.cn/finalpage/2024-09-05/1221137172.PDF,171,PDF,SHKCB,251302||253201
sse_a,人工智能,688066,688066,航天宏图,fzqy1026111,1221138712,关于参加2024年半年度科创板软件及人工智能专场集体业绩说明会的公告,2024-09-04,1725465600000,finalpage/2024-09-05/1221138712.PDF,https://static.cninfo.com.cn/finalpage/2024-09-05/1221138712.PDF,168,PDF,SHKCB,251302||253201
sse_a,人工智能,688078,688078,龙软科技,9900024805,1221136766,北京龙软科技股份有限公司关于参加2024年半年度科创板软件及人工智能专场集体业绩说明会的公告,2024-09-04,1725465600000,finalpage/2024-09-05/1221136766.PDF,https://static.cninfo.com.cn/finalpage/2024-09-05/1221136766.PDF,169,PDF,SHKCB,251302||253201
sse_a,人工智能,688088,688088,虹软科技,9900038968,1221137636,关于参加2024年半年度软件及人工智能专场集体业绩说明会的公告,2024-09-04,1725465600000,finalpage/2024-09-05/1221137636.PDF,https://static.cninfo.com.cn/finalpage/2024-09-05/1221137636.PDF,181,PDF,SHKCB,251302||253201
sse_a,人工智能,688168,688168,安博通,gfbj0839570,1221137780,关于参加2024年半年度软件及人工智能专场集体业绩说明会的公告,2024-09-04,1725465600000,finalpage/2024-09-05/1221137780.PDF,https://static.cninfo.com.cn/finalpage/2024-09-05/1221137780.PDF,496,PDF,SHKCB,251302||253201
sse_a,人工智能,688229,688229,博睿数据,9900034679,1221137176,关于参加2024年半年度科创板软件及人工智能专场集体业绩说明会的公告,2024-09-04,1725465600000,finalpage/2024-09-05/1221137176.PDF,https://static.cninfo.com.cn/finalpage/2024-09-05/1221137176.PDF,315,PDF,SHKCB,251302||253201
sse_a,人工智能,688327,688327,云从科技,9900046632,1221137014,关于参加2024年半年度软件及人工智能专场集体业绩说明会的公告,2024-09-04,1725465600000,finalpage/2024-09-05/1221137014.PDF,https://static.cninfo.com.cn/finalpage/2024-09-05/1221137014.PDF,172,PDF,SHKCB,251302||253201
sse_a,人工智能,688023,688023,安恒信息,9900039124,1221146013,关于参加2024年半年度软件及人工智能专场集体业绩说明会的公告,2024-09-05,1725552000000,finalpage/2024-09-06/1221146013.PDF,https://static.cninfo.com.cn/finalpage/2024-09-06/1221146013.PDF,161,PDF,SHKCB,251302||253201
sse_a,人工智能,688081,688081,兴图新科,9900039664,1221146513,关于参加2024年半年度软件及人工智能专场集体业绩说明会的公告,2024-09-05,1725552000000,finalpage/2024-09-06/1221146513.PDF,https://static.cninfo.com.cn/finalpage/2024-09-06/1221146513.PDF,298,PDF,SHKCB,251302||253201
sse_a,人工智能,688109,688109,品茗科技,gfbj0836188,1221146984,关于参加2024年半年度科创板软件及人工智能专场集体业绩说明会的公告,2024-09-05,1725552000000,finalpage/2024-09-06/1221146984.PDF,https://static.cninfo.com.cn/finalpage/2024-09-06/1221146984.PDF,123,PDF,SHKCB,251302||253201
sse_a,人工智能,688318,688318,财富趋势,9900022732,1221146814,关于参加2024年半年度科创板软件及人工智能专场集体业绩说明会的公告,2024-09-05,1725552000000,finalpage/2024-09-06/1221146814.PDF,https://static.cninfo.com.cn/finalpage/2024-09-06/1221146814.PDF,130,PDF,SHKCB,251302||253201
sse_a,人工智能,688507,688507,索辰科技,nssc1000827,1221146521,关于参加2024年半年度科创板软件及人工智能专场集体业绩说明会的公告,2024-09-05,1725552000000,finalpage/2024-09-06/1221146521.PDF,https://static.cninfo.com.cn/finalpage/2024-09-06/1221146521.PDF,218,PDF,SHKCB,251302||253201
sse_a,人工智能,688561,688561,奇安信,9900041361,1221146524,奇安信关于参加2024年半年度科创板软件及人工智能专场集体业绩说明会的公告,2024-09-05,1725552000000,finalpage/2024-09-06/1221146524.PDF,https://static.cninfo.com.cn/finalpage/2024-09-06/1221146524.PDF,478,PDF,SHKCB,251302||253201
sse_a,人工智能,688225,688225,亚信安全,9900047311,1221161141,关于参加2024年半年度科创板软件及人工智能专场集体业绩说明会的公告,2024-09-06,1725638400000,finalpage/2024-09-07/1221161141.PDF,https://static.cninfo.com.cn/finalpage/2024-09-07/1221161141.PDF,238,PDF,SHKCB,251302||253201
sse_a,人工智能,688258,688258,卓易信息,9900039137,1221159234,江苏卓易信息科技股份有限公司关于参加2024年半年度科创板软件及人工智能专场集体业绩说明会的公告,2024-09-06,1725638400000,finalpage/2024-09-07/1221159234.PDF,https://static.cninfo.com.cn/finalpage/2024-09-07/1221159234.PDF,127,PDF,SHKCB,251302||253201
sse_a,人工智能,688619,688619,罗普特,9900041860,1221158284,罗普特科技集团股份有限公司关于参加2024年半年度科创板软件及人工智能专场集体业绩说明会的公告,2024-09-06,1725638400000,finalpage/2024-09-07/1221158284.PDF,https://static.cninfo.com.cn/finalpage/2024-09-07/1221158284.PDF,126,PDF,SHKCB,251302||253201
szse_a,人工智能,300418,300418,昆仑万维,9900023869,1221396474,关于与FESCO全资子公司合作设立人工智能招聘合资公司的公告,2024-10-15,1728989107000,finalpage/2024-10-15/1221396474.PDF,https://static.cninfo.com.cn/finalpage/2024-10-15/1221396474.PDF,128,PDF,SZCY,09020202||160203||250301||251302
szse_a,人工智能,002463,002463,沪电股份,9900013929,1221507325,关于投资新建人工智能芯片配套高端印制电路板扩产项目的公告,2024-10-24,1729785600000,finalpage/2024-10-25/1221507325.PDF,https://static.cninfo.com.cn/finalpage/2024-10-25/1221507325.PDF,351,PDF,SZZB,09020202||250101||251302
szse_a,智谱,300010,300010,豆神教育,9900008267,1221507783,关于与北京智谱华章科技有限公司、海南何尊网络科技有限公司签署战略合作框架协议并成立合资公司的公告,2024-10-24,1729785600000,finalpage/2024-10-25/1221507783.PDF,https://static.cninfo.com.cn/finalpage/2024-10-25/1221507783.PDF,114,PDF,SZCY,09020202||160203||250301||251302
szse_a,人工智能,300857,300857,协创数据,9900039793,1221508696,关于与合肥综合性国家科学中心人工智能研究院签署战略框架协议的自愿性披露公告,2024-10-24,1729769488000,finalpage/2024-10-24/1221508696.PDF,https://static.cninfo.com.cn/finalpage/2024-10-24/1221508696.PDF,274,PDF,SZCY,09020202||160203||250301||251302
bse_a,人工智能,835207,835207,众诚科技,gfbj0835207,1221589046,关于与郑州大学共建人工智能产业研究院签约暨揭牌的公告,2024-10-30,1730304000000,finalpage/2024-10-31/1221589046.PDF,https://static.cninfo.com.cn/finalpage/2024-10-31/1221589046.PDF,88,PDF,BJS,251302||253301
sse_a,人工智能,688168,688168,安博通,gfbj0839570,1221981831,关于签署人工智能智算中心建设项目合同的自愿性披露公告,2024-12-10,1733846400000,finalpage/2024-12-11/1221981831.PDF,https://static.cninfo.com.cn/finalpage/2024-12-11/1221981831.PDF,523,PDF,SHKCB,251302||253201
szse_a,人工智能,002336,002336,*ST人乐,9900010033,1222019590,西安配销-中审亚太审字(2024)008341号,2024-12-13,1734105600000,finalpage/2024-12-14/1222019590.PDF,https://static.cninfo.com.cn/finalpage/2024-12-14/1222019590.PDF,24241,PDF,SZZB,09020202||250101||251302
bse_a,大模型;模型备案,837592,837592,华信永道,gfbj0837592,1222129180,关于大模型算法备案成功的公告,2024-12-23,1734969600000,finalpage/2024-12-24/1222129180.PDF,https://static.cninfo.com.cn/finalpage/2024-12-24/1222129180.PDF,99,PDF,BJS,251302||253301
szse_a,人工智能,002230,002230,科大讯飞,9900004565,1222224624,关于安徽科讯人工智能创业投资基金完成备案的公告,2025-01-03,1735920000000,finalpage/2025-01-04/1222224624.PDF,https://static.cninfo.com.cn/finalpage/2025-01-04/1222224624.PDF,164,PDF,SZZB,09020202||250101||251302
sse_a,人工智能,600821,600821,金开新能,gssh0600821,1222460681,全资子公司签署人工智能算力技术服务合同的公告,2025-02-05,1738771200000,finalpage/2025-02-06/1222460681.PDF,https://static.cninfo.com.cn/finalpage/2025-02-06/1222460681.PDF,158,PDF,SHZB,250401||251302
sse_a,人工智能,688191,688191,智洋创新,gfbj0831681,1223021876,关于投资建设“人工智能边缘感知设备产业化项目”的公告,2025-04-07,1744041600000,finalpage/2025-04-08/1223021876.PDF,https://static.cninfo.com.cn/finalpage/2025-04-08/1223021876.PDF,200,PDF,SHKCB,251302||253201
sse_a,人工智能,688568,688568,中科星图,9900038994,1223095906,中科星图股份有限公司关于参加2024年度科创板人工智能及软件行业集体业绩说明会的公告,2025-04-14,1744646400000,finalpage/2025-04-15/1223095906.PDF,https://static.cninfo.com.cn/finalpage/2025-04-15/1223095906.PDF,330,PDF,SHKCB,251302||253201
sse_a,人工智能,688208,688208,道通科技,9900031482,1223149111,道通科技关于参加2024年度科创板人工智能及软件行业集体业绩说明会的公告,2025-04-18,1744992000000,finalpage/2025-04-19/1223149111.PDF,https://static.cninfo.com.cn/finalpage/2025-04-19/1223149111.PDF,261,PDF,SHKCB,251302||253201
sse_a,人工智能,688003,688003,天准科技,gfbj0833231,1223184983,关于参加2024年度科创板人工智能及软件行业集体业绩说明会的公告,2025-04-21,1745251200000,finalpage/2025-04-22/1223184983.PDF,https://static.cninfo.com.cn/finalpage/2025-04-22/1223184983.PDF,66,PDF,SHKCB,251302||253201
sse_a,人工智能,688039,688039,当虹科技,9900038989,1223195950,杭州当虹科技股份有限公司关于参加2024年度科创板人工智能及软件行业集体业绩说明会暨2025年第一季度业绩说明会的公告,2025-04-21,1745251200000,finalpage/2025-04-22/1223195950.PDF,https://static.cninfo.com.cn/finalpage/2025-04-22/1223195950.PDF,94,PDF,SHKCB,251302||253201
sse_a,人工智能,688078,688078,龙软科技,9900024805,1223184639,北京龙软科技股份有限公司关于参加2024年度科创板人工智能及软件行业集体业绩说明会的公告,2025-04-21,1745251200000,finalpage/2025-04-22/1223184639.PDF,https://static.cninfo.com.cn/finalpage/2025-04-22/1223184639.PDF,130,PDF,SHKCB,251302||253201
sse_a,人工智能,688081,688081,兴图新科,9900039664,1223184157,关于参加2024年度科创板人工智能及软件行业集体业绩说明会的公告,2025-04-21,1745251200000,finalpage/2025-04-22/1223184157.PDF,https://static.cninfo.com.cn/finalpage/2025-04-22/1223184157.PDF,90,PDF,SHKCB,251302||253201
sse_a,人工智能,688109,688109,品茗科技,gfbj0836188,1223186681,关于参加2024年度科创板人工智能及软件行业集体业绩说明会的公告,2025-04-21,1745251200000,finalpage/2025-04-22/1223186681.PDF,https://static.cninfo.com.cn/finalpage/2025-04-22/1223186681.PDF,125,PDF,SHKCB,251302||253201
sse_a,人工智能,688111,688111,金山办公,9900035303,1223186156,金山办公关于参加2024年度科创板人工智能及软件行业集体业绩说明会暨2025年第一季度业绩说明会的公告,2025-04-21,1745251200000,finalpage/2025-04-22/1223186156.PDF,https://static.cninfo.com.cn/finalpage/2025-04-22/1223186156.PDF,127,PDF,SHKCB,251302||253201
sse_a,人工智能,688207,688207,格灵深瞳,9900047656,1223183427,格灵深瞳关于参加2024年度科创板人工智能及软件行业集体业绩说明会暨2025年第一季度业绩说明会的公告,2025-04-21,1745251200000,finalpage/2025-04-22/1223183427.PDF,https://static.cninfo.com.cn/finalpage/2025-04-22/1223183427.PDF,177,PDF,SHKCB,251302||253201
sse_a,人工智能,688258,688258,卓易信息,9900039137,1223189380,江苏卓易信息科技股份有限公司关于参加2024年度科创板人工智能及软件行业集体业绩说明会的公告,2025-04-21,1745251200000,finalpage/2025-04-22/1223189380.PDF,https://static.cninfo.com.cn/finalpage/2025-04-22/1223189380.PDF,71,PDF,SHKCB,251302||253201
sse_a,人工智能,688318,688318,财富趋势,9900022732,1223189382,关于参加2024年度科创板人工智能及软件行业集体业绩说明会的公告,2025-04-21,1745251200000,finalpage/2025-04-22/1223189382.PDF,https://static.cninfo.com.cn/finalpage/2025-04-22/1223189382.PDF,68,PDF,SHKCB,251302||253201
sse_a,人工智能,688365,688365,光云科技,9900039491,1223185402,光云科技：关于参加2024年度科创板人工智能及软件行业集体业绩说明会暨2025年第一季度业绩说明会的公告,2025-04-21,1745251200000,finalpage/2025-04-22/1223185402.PDF,https://static.cninfo.com.cn/finalpage/2025-04-22/1223185402.PDF,257,PDF,SHKCB,251302||253201
sse_a,人工智能,688369,688369,致远互联,9900039219,1223186160,北京致远互联软件股份有限公司关于参加2024年度科创板人工智能及软件行业集体业绩说明会暨2025年第一季度业绩说明会的公告,2025-04-21,1745251200000,finalpage/2025-04-22/1223186160.PDF,https://static.cninfo.com.cn/finalpage/2025-04-22/1223186160.PDF,338,PDF,SHKCB,251302||253201
sse_a,人工智能,688507,688507,索辰科技,nssc1000827,1223186722,关于参加2024年度科创板人工智能及软件行业集体业绩说明会暨2025年第一季度业绩说明会的公告,2025-04-21,1745251200000,finalpage/2025-04-22/1223186722.PDF,https://static.cninfo.com.cn/finalpage/2025-04-22/1223186722.PDF,121,PDF,SHKCB,251302||253201
sse_a,人工智能,688579,688579,山大地纬,gfbj0831688,1223185019,山大地纬关于参加2024年度科创板人工智能及软件行业集体业绩说明会暨2025年第一季度业绩说明会的公告,2025-04-21,1745251200000,finalpage/2025-04-22/1223185019.PDF,https://static.cninfo.com.cn/finalpage/2025-04-22/1223185019.PDF,149,PDF,SHKCB,251302||253201
sse_a,人工智能,688591,688591,泰凌微,9900048793,1223183976,关于参加2024年度科创板人工智能及软件行业集体业绩说明会的公告,2025-04-21,1745251200000,finalpage/2025-04-22/1223183976.PDF,https://static.cninfo.com.cn/finalpage/2025-04-22/1223183976.PDF,106,PDF,SHKCB,251302||253201
sse_a,人工智能,688615,688615,合合信息,9900046400,1223183803,合合信息关于参加2024年度科创板人工智能及软件行业集体业绩说明会的公告,2025-04-21,1745251200000,finalpage/2025-04-22/1223183803.PDF,https://static.cninfo.com.cn/finalpage/2025-04-22/1223183803.PDF,327,PDF,SHKCB,251302||253201
sse_a,人工智能,688648,688648,中邮科技,9900053181,1223183430,关于参加2024年度科创板人工智能行业集体业绩说明会暨2025年第一季度业绩说明会的公告,2025-04-21,1745251200000,finalpage/2025-04-22/1223183430.PDF,https://static.cninfo.com.cn/finalpage/2025-04-22/1223183430.PDF,115,PDF,SHKCB,251302||253201
sse_a,人工智能,688686,688686,奥普特,9900041449,1223183582,关于参加2024年度科创板人工智能及软件行业集体业绩说明会暨2025年第一季度业绩说明会的公告,2025-04-21,1745251200000,finalpage/2025-04-22/1223183582.PDF,https://static.cninfo.com.cn/finalpage/2025-04-22/1223183582.PDF,127,PDF,SHKCB,251302||253201
sse_a,人工智能,603893,603893,瑞芯微,9900033186,1223218241,关于参加2024年度沪市主板人工智能专题集体业绩说明会的公告,2025-04-22,1745337600000,finalpage/2025-04-23/1223218241.PDF,https://static.cninfo.com.cn/finalpage/2025-04-23/1223218241.PDF,128,PDF,SHZB,250401||251302
sse_a,人工智能,688058,688058,宝兰德,9900032882,1223209809,北京宝兰德软件股份有限公司关于参加2024年度科创板人工智能及软件行业集体业绩说明会暨2025年第一季度业绩说明会的公告,2025-04-22,1745337600000,finalpage/2025-04-23/1223209809.PDF,https://static.cninfo.com.cn/finalpage/2025-04-23/1223209809.PDF,290,PDF,SHKCB,251302||253201
sse_a,人工智能,600602,600602,云赛智联,gssh0600602,1223233159,云赛智联关于参加2024年度沪市主板人工智能专题集体业绩说明会的公告,2025-04-23,1745424000000,finalpage/2025-04-24/1223233159.PDF,https://static.cninfo.com.cn/finalpage/2025-04-24/1223233159.PDF,93,PDF,SHZB,250401||251302
sse_a,人工智能,601360,601360,三六零,9900021962,1223235558,三六零安全科技股份有限公司关于参加2024年度沪市主板人工智能专题集体业绩说明会的公告,2025-04-23,1745424000000,finalpage/2025-04-24/1223235558.PDF,https://static.cninfo.com.cn/finalpage/2025-04-24/1223235558.PDF,117,PDF,SHZB,250401||251302
sse_a,人工智能,603859,603859,能科科技,9900028822,1223235643,关于参加2024年度沪市主板人工智能专题集体业绩说明会的公告,2025-04-23,1745424000000,finalpage/2025-04-24/1223235643.PDF,https://static.cninfo.com.cn/finalpage/2025-04-24/1223235643.PDF,69,PDF,SHZB,250401||251302
sse_a,人工智能,603881,603881,数据港,9900029913,1223234690,上海数据港股份有限公司关于参加2024年度沪市主板人工智能专题集体业绩说明会的公告,2025-04-23,1745424000000,finalpage/2025-04-24/1223234690.PDF,https://static.cninfo.com.cn/finalpage/2025-04-24/1223234690.PDF,106,PDF,SHZB,250401||251302
sse_a,人工智能,688619,688619,罗普特,9900041860,1223239966,罗普特科技集团股份有限公司关于参加2024年度科创板人工智能及软件行业集体业绩说明会暨2025年第一季度业绩说明会的公告,2025-04-23,1745424000000,finalpage/2025-04-24/1223239966.PDF,https://static.cninfo.com.cn/finalpage/2025-04-24/1223239966.PDF,102,PDF,SHKCB,251302||253201
sse_a,人工智能,688066,688066,航天宏图,fzqy1026111,1223314922,关于召开2024年度科创板人工智能及软件行业集体业绩说明会的公告,2025-04-25,1745596800000,finalpage/2025-04-26/1223314922.PDF,https://static.cninfo.com.cn/finalpage/2025-04-26/1223314922.PDF,105,PDF,SHKCB,251302||253201
sse_a,人工智能,688229,688229,博睿数据,9900034679,1223312796,关于参加2024年度科创板人工智能及软件行业集体业绩说明会的公告,2025-04-25,1745596800000,finalpage/2025-04-26/1223312796.PDF,https://static.cninfo.com.cn/finalpage/2025-04-26/1223312796.PDF,69,PDF,SHKCB,251302||253201
sse_a,人工智能,600602,600602,云赛智联,gssh0600602,1223444164,云赛智联关于参加2024年度沪市主板人工智能专题集体业绩说明会情况的公告,2025-04-30,1746028800000,finalpage/2025-05-01/1223444164.PDF,https://static.cninfo.com.cn/finalpage/2025-05-01/1223444164.PDF,179,PDF,SHZB,250401||251302
sse_a,人工智能,601360,601360,三六零,9900021962,1223450925,三六零安全科技股份有限公司关于参加2024年度沪市主板人工智能专题集体业绩说明会情况的公告,2025-04-30,1746028800000,finalpage/2025-05-01/1223450925.PDF,https://static.cninfo.com.cn/finalpage/2025-05-01/1223450925.PDF,159,PDF,SHZB,250401||251302
sse_a,人工智能,603859,603859,能科科技,9900028822,1223454892,关于参加2024年度沪市主板人工智能专题集体业绩说明会情况的公告,2025-04-30,1746028800000,finalpage/2025-05-01/1223454892.PDF,https://static.cninfo.com.cn/finalpage/2025-05-01/1223454892.PDF,137,PDF,SHZB,250401||251302
sse_a,人工智能,603881,603881,数据港,9900029913,1223450958,上海数据港股份有限公司关于参加2024年度沪市主板人工智能专题集体业绩说明会召开情况的公告,2025-04-30,1746028800000,finalpage/2025-05-01/1223450958.PDF,https://static.cninfo.com.cn/finalpage/2025-05-01/1223450958.PDF,170,PDF,SHZB,250401||251302
sse_a,人工智能,603893,603893,瑞芯微,9900033186,1223450961,关于参加2024年度沪市主板人工智能专题集体业绩说明会情况的公告,2025-04-30,1746028800000,finalpage/2025-05-01/1223450961.PDF,https://static.cninfo.com.cn/finalpage/2025-05-01/1223450961.PDF,195,PDF,SHZB,250401||251302
sse_a,人工智能,600821,600821,金开新能,gssh0600821,1224377816,关于全资子公司人工智能算力技术服务合同的进展公告,2025-08-03,1754236800000,finalpage/2025-08-04/1224377816.PDF,https://static.cninfo.com.cn/finalpage/2025-08-04/1224377816.PDF,60,PDF,SHZB,250401||251302
sse_a,人工智能,688039,688039,当虹科技,9900038989,1224557805,杭州当虹科技股份有限公司关于参加2025年半年度科创板人工智能行业集体业绩说明会的公告,2025-08-22,1755878400000,finalpage/2025-08-23/1224557805.PDF,https://static.cninfo.com.cn/finalpage/2025-08-23/1224557805.PDF,106,PDF,SHKCB,251302||253201
sse_a,人工智能,688365,688365,光云科技,9900039491,1224558070,光云科技：关于参加2025年半年度科创板人工智能行业集体业绩说明会的公告,2025-08-22,1755878400000,finalpage/2025-08-23/1224558070.PDF,https://static.cninfo.com.cn/finalpage/2025-08-23/1224558070.PDF,129,PDF,SHKCB,251302||253201
sse_a,人工智能,688088,688088,虹软科技,9900038968,1224588502,关于参加2025年半年度科创板人工智能行业集体业绩说明会的公告,2025-08-27,1756310400000,finalpage/2025-08-28/1224588502.PDF,https://static.cninfo.com.cn/finalpage/2025-08-28/1224588502.PDF,101,PDF,SHKCB,251302||253201
sse_a,人工智能,688159,688159,有方科技,gfbj0835770,1224594883,有方科技：关于参加2025年半年度科创板人工智能行业集体业绩说明会的公告,2025-08-27,1756310400000,finalpage/2025-08-28/1224594883.PDF,https://static.cninfo.com.cn/finalpage/2025-08-28/1224594883.PDF,69,PDF,SHKCB,251302||253201
sse_a,人工智能,688132,688132,邦彦技术,9900041778,1224608145,关于参加2025年半年度科创板人工智能行业集体业绩说明会的公告,2025-08-28,1756396800000,finalpage/2025-08-29/1224608145.PDF,https://static.cninfo.com.cn/finalpage/2025-08-29/1224608145.PDF,101,PDF,SHKCB,251302||253201
sse_a,人工智能,688618,688618,三旺通信,nssc1000604,1224604957,关于参加2025年半年度科创板人工智能行业集体业绩说明会的公告,2025-08-28,1756396800000,finalpage/2025-08-29/1224604957.PDF,https://static.cninfo.com.cn/finalpage/2025-08-29/1224604957.PDF,66,PDF,SHKCB,251302||253201
sse_a,人工智能,688004,688004,博汇科技,gfbj0871038,1224629674,博汇科技关于参加2025年半年度科创板人工智能行业集体业绩说明会的公告,2025-08-31,1756656000000,finalpage/2025-09-01/1224629674.PDF,https://static.cninfo.com.cn/finalpage/2025-09-01/1224629674.PDF,113,PDF,SHKCB,251302||253201
sse_a,人工智能,688158,688158,优刻得,9900039004,1224632768,优刻得关于参加2025年半年度科创板人工智能行业集体业绩说明会的公告,2025-09-01,1756742400000,finalpage/2025-09-02/1224632768.PDF,https://static.cninfo.com.cn/finalpage/2025-09-02/1224632768.PDF,67,PDF,SHKCB,251302||253201
sse_a,人工智能,688207,688207,格灵深瞳,9900047656,1224630713,格灵深瞳关于参加2025年半年度科创板人工智能行业集体业绩说明会的公告,2025-09-01,1756742400000,finalpage/2025-09-02/1224630713.PDF,https://static.cninfo.com.cn/finalpage/2025-09-02/1224630713.PDF,111,PDF,SHKCB,251302||253201
sse_a,人工智能,688500,688500,慧辰股份,gfbj0833309,1224632730,关于召开2025年半年度科创板人工智能行业集体业绩说明会的公告,2025-09-01,1756742400000,finalpage/2025-09-02/1224632730.PDF,https://static.cninfo.com.cn/finalpage/2025-09-02/1224632730.PDF,66,PDF,SHKCB,251302||253201
sse_a,人工智能,688507,688507,索辰科技,nssc1000827,1224630586,关于参加2025年半年度科创板人工智能行业集体业绩说明会的公告,2025-09-01,1756742400000,finalpage/2025-09-02/1224630586.PDF,https://static.cninfo.com.cn/finalpage/2025-09-02/1224630586.PDF,120,PDF,SHKCB,251302||253201
sse_a,人工智能,688561,688561,奇安信,9900041361,1224631287,奇安信关于参加2025年半年度科创板人工智能行业集体业绩说明会的公告,2025-09-01,1756742400000,finalpage/2025-09-02/1224631287.PDF,https://static.cninfo.com.cn/finalpage/2025-09-02/1224631287.PDF,125,PDF,SHKCB,251302||253201
sse_a,人工智能,688619,688619,罗普特,9900041860,1224632161,罗普特科技集团股份有限公司关于参加2025年半年度科创板人工智能行业集体业绩说明会的公告,2025-09-01,1756742400000,finalpage/2025-09-02/1224632161.PDF,https://static.cninfo.com.cn/finalpage/2025-09-02/1224632161.PDF,102,PDF,SHKCB,251302||253201
szse_a,大模型;模型备案,002980,002980,华盛昌,9900037842,1224635424,关于“DeepSense深度感测大模型”备案通过的自愿性信息披露公告,2025-09-02,1756828800000,finalpage/2025-09-03/1224635424.PDF,https://static.cninfo.com.cn/finalpage/2025-09-03/1224635424.PDF,105,PDF,SZZB,09020202||250101||251302
sse_a,人工智能,688017,688017,绿的谐波,9900041602,1224634832,关于召开2025年半年度科创板人工智能行业集体业绩说明会的公告,2025-09-02,1756828800000,finalpage/2025-09-03/1224634832.PDF,https://static.cninfo.com.cn/finalpage/2025-09-03/1224634832.PDF,91,PDF,SHKCB,251302||253201
sse_a,人工智能,688615,688615,合合信息,9900046400,1224634551,合合信息关于参加2025年半年度科创板人工智能行业集体业绩说明会的公告,2025-09-02,1756828800000,finalpage/2025-09-03/1224634551.PDF,https://static.cninfo.com.cn/finalpage/2025-09-03/1224634551.PDF,89,PDF,SHKCB,251302||253201
sse_a,人工智能,688168,688168,安博通,gfbj0839570,1224638808,关于参加2025年半年度科创板人工智能行业集体业绩说明会的公告,2025-09-04,1757001600000,finalpage/2025-09-05/1224638808.PDF,https://static.cninfo.com.cn/finalpage/2025-09-05/1224638808.PDF,129,PDF,SHKCB,251302||253201
szse_a,人工智能,300948,300948,冠中生态,gfbj0834265,1224687472,关于拟现金收购杭州精算家人工智能技术有限公司51%股份及签署意向性协议暨关联交易的公告,2025-09-28,1759075200000,finalpage/2025-09-29/1224687472.PDF,https://static.cninfo.com.cn/finalpage/2025-09-29/1224687472.PDF,320,PDF,SZCY,09020202||160203||250301||251302
sse_a,人工智能,600601,600601,方正科技,gssh0600601,1224793464,方正科技关于投资建设重庆生产基地人工智能扩建项目公告,2025-11-07,1762531200000,finalpage/2025-11-08/1224793464.PDF,https://static.cninfo.com.cn/finalpage/2025-11-08/1224793464.PDF,260,PDF,SHZB,250401||251302
szse_a,人工智能,002152,002152,广电运通,9900003423,1224827804,关于承接人工智能应用中试基地建设项目暨关联交易的公告,2025-11-26,1764172800000,finalpage/2025-11-27/1224827804.PDF,https://static.cninfo.com.cn/finalpage/2025-11-27/1224827804.PDF,149,PDF,SZZB,09020202||250101||251302
szse_a,大模型,300413,300413,芒果超媒,9900023257,1224872613,关于芒果TV智慧视听媒体服务平台项目结项并将节余募集资金用于新增募投项目芒果TV音视频行业大模型矩阵项目的公告,2025-12-12,1765555200000,finalpage/2025-12-13/1224872613.PDF,https://static.cninfo.com.cn/finalpage/2025-12-13/1224872613.PDF,293,PDF,SZCY,09020202||160203||250301||251302
szse_a,大模型,300413,300413,芒果超媒,9900023257,1224872614,中国国际金融股份有限公司关于芒果超媒股份有限公司芒果TV智慧视听媒体服务平台项目结项并将节余募集资金用于新增募投项目芒果TV音视频行业大模型矩阵项目的核查意见,2025-12-12,1765555200000,finalpage/2025-12-13/1224872614.PDF,https://static.cninfo.com.cn/finalpage/2025-12-13/1224872614.PDF,422,PDF,SZCY,09020202||160203||250301||251302
szse_a,人工智能,002039,002039,黔源电力,gssz0002039,1224886214,关于水电新能源领域典型场景人工智能技术研究与工程示范项目因采购形成关联交易的公告,2025-12-18,1766073600000,finalpage/2025-12-19/1224886214.PDF,https://static.cninfo.com.cn/finalpage/2025-12-19/1224886214.PDF,172,PDF,SZZB,09020202||250101||251302
sse_a,人工智能,600909,600909,华安证券,qsgn0000505,1224930074,华安证券股份有限公司关于拟增资华富基金管理有限公司暨关联交易的提示性公告,2026-01-12,1768233600000,finalpage/2026-01-13/1224930074.PDF,https://static.cninfo.com.cn/finalpage/2026-01-13/1224930074.PDF,175,PDF,SHZB,250401||251302
sse_a,人工智能,600909,600909,华安证券,qsgn0000505,1224930083,华富基金管理有限公司拟增资扩股所涉及的华富基金管理有限公司股东全部权益市场价值资产评估报告,2026-01-12,1768233600000,finalpage/2026-01-13/1224930083.PDF,https://static.cninfo.com.cn/finalpage/2026-01-13/1224930083.PDF,20536,PDF,SHZB,250401||251302
szse_a,人工智能,300948,300948,冠中生态,gfbj0834265,1224950904,关于现金收购杭州精算家人工智能技术有限公司51%股权暨关联交易的公告,2026-01-26,1769443200000,finalpage/2026-01-27/1224950904.PDF,https://static.cninfo.com.cn/finalpage/2026-01-27/1224950904.PDF,427,PDF,SZCY,09020202||160203||250301||251302
szse_a,人工智能,300948,300948,冠中生态,gfbj0834265,1224950905,杭州精算家人工智能技术有限公司2025年1-9月和2024年度审计报告书,2026-01-26,1769443200000,finalpage/2026-01-27/1224950905.PDF,https://static.cninfo.com.cn/finalpage/2026-01-27/1224950905.PDF,2174,PDF,SZCY,09020202||160203||250301||251302
sse_a,人工智能,600909,600909,华安证券,qsgn0000505,1224972560,华安证券股份有限公司关于增资华富基金管理有限公司暨关联交易进展的公告,2026-02-09,1770652800000,finalpage/2026-02-10/1224972560.PDF,https://static.cninfo.com.cn/finalpage/2026-02-10/1224972560.PDF,79,PDF,SHZB,250401||251302
sse_a,人工智能,600909,600909,华安证券,qsgn0000505,1224974151,华安证券股份有限公司关于增资华富基金管理有限公司暨关联交易进展的补充公告,2026-02-09,1770652800000,finalpage/2026-02-10/1224974151.PDF,https://static.cninfo.com.cn/finalpage/2026-02-10/1224974151.PDF,85,PDF,SHZB,250401||251302
sse_a,人工智能,600895,600895,张江高科,gssh0600895,1225023794,关于全资子公司----上海张江浩成创业投资有限公司参与投资力合算芯人工智能基金（有限合伙）的公告,2026-03-20,1774022400000,finalpage/2026-03-21/1225023794.PDF,https://static.cninfo.com.cn/finalpage/2026-03-21/1225023794.PDF,120,PDF,SHZB,250401||251302
sse_a,人工智能,688369,688369,致远互联,9900039219,1225131411,北京致远互联软件股份有限公司关于参加2025年度科创板人工智能行业集体业绩说明会暨2026年第一季度业绩说明会的公告,2026-04-20,1776700800000,finalpage/2026-04-21/1225131411.PDF,https://static.cninfo.com.cn/finalpage/2026-04-21/1225131411.PDF,116,PDF,SHKCB,251302||253201
szse_a,人工智能,300872,300872,天阳科技,gfbj0835713,1225167105,关于深圳市魔数智擎人工智能有限公司2025年度业绩承诺实现情况的公告,2026-04-23,1776960000000,finalpage/2026-04-24/1225167105.PDF,https://static.cninfo.com.cn/finalpage/2026-04-24/1225167105.PDF,128,PDF,SZCY,09020202||160203||250301||251302
sse_a,人工智能,688058,688058,宝兰德,9900032882,1225165812,北京宝兰德软件股份有限公司关于参加2025年度科创板人工智能及软件行业集体业绩说明会暨2026年第一季度业绩说明会的公告,2026-04-23,1776960000000,finalpage/2026-04-24/1225165812.PDF,https://static.cninfo.com.cn/finalpage/2026-04-24/1225165812.PDF,110,PDF,SHKCB,251302||253201
sse_a,人工智能,688109,688109,品茗科技,gfbj0836188,1225161764,关于参加十五五·未来产业——科创企业产业迭代与创新赋能之2025年度人工智能行业集体业绩说明会的公告,2026-04-23,1776960000000,finalpage/2026-04-24/1225161764.PDF,https://static.cninfo.com.cn/finalpage/2026-04-24/1225161764.PDF,69,PDF,SHKCB,251302||253201
sse_a,人工智能,688111,688111,金山办公,9900035303,1225165357,金山办公关于参加2025年度人工智能行业集体业绩说明会暨2026年第一季度业绩说明会的公告,2026-04-23,1776960000000,finalpage/2026-04-24/1225165357.PDF,https://static.cninfo.com.cn/finalpage/2026-04-24/1225165357.PDF,150,PDF,SHKCB,251302||253201
szse_a,人工智能,301128,301128,强瑞技术,nssc1000397,1225193805,关于拟购买土地使用权并建设人工智能产业研发智造总部并签署投资合作意向书的公告,2026-04-24,1777046400000,finalpage/2026-04-25/1225193805.PDF,https://static.cninfo.com.cn/finalpage/2026-04-25/1225193805.PDF,138,PDF,SZCY,09020202||160203||250301||251302
sse_a,人工智能,688365,688365,光云科技,9900039491,1225193537,光云科技：关于参加十五五·未来产业——科创企业产业迭代与创新赋能之2025年度人工智能行业集体业绩说明会暨2026年第一季度业绩说明会的公告,2026-04-24,1777046400000,finalpage/2026-04-25/1225193537.PDF,https://static.cninfo.com.cn/finalpage/2026-04-25/1225193537.PDF,133,PDF,SHKCB,251302||253201
sse_a,人工智能,688225,688225,亚信安全,9900047311,1225203080,关于参加十五五·未来产业——科创企业产业迭代与创新赋能之2025年度人工智能行业集体业绩说明会暨2026年第一季度业绩说明会的公告,2026-04-27,1777305600000,finalpage/2026-04-28/1225203080.PDF,https://static.cninfo.com.cn/finalpage/2026-04-28/1225203080.PDF,94,PDF,SHKCB,251302||253201
sse_a,人工智能,688039,688039,当虹科技,9900038989,1225237890,杭州当虹科技股份有限公司关于参加十五五·未来产业——科创企业产业迭代与创新赋能之2025年度人工智能行业集体业绩说明会暨2026年第一季度业绩说明会的公告,2026-04-28,1777392000000,finalpage/2026-04-29/1225237890.PDF,https://static.cninfo.com.cn/finalpage/2026-04-29/1225237890.PDF,100,PDF,SHKCB,251302||253201
sse_a,人工智能,688132,688132,邦彦技术,9900041778,1225229020,关于召开十五五·未来产业——科创企业产业迭代与创新赋能之2025年度人工智能行业集体业绩说明会暨2026年第一季度业绩说明会的公告,2026-04-28,1777392000000,finalpage/2026-04-29/1225229020.PDF,https://static.cninfo.com.cn/finalpage/2026-04-29/1225229020.PDF,108,PDF,SHKCB,251302||253201
sse_a,人工智能,688322,688322,奥比中光,9900048777,1225225456,关于参加2025年度科创板人工智能行业集体业绩说明会暨2026年第一季度业绩说明会的公告,2026-04-28,1777392000000,finalpage/2026-04-29/1225225456.PDF,https://static.cninfo.com.cn/finalpage/2026-04-29/1225225456.PDF,133,PDF,SHKCB,251302||253201
sse_a,人工智能,688031,688031,星环科技,9900048105,1225261258,关于参加2025年度人工智能行业集体业绩说明会暨2026年第一季度业绩说明会的公告,2026-04-29,1777478400000,finalpage/2026-04-30/1225261258.PDF,https://static.cninfo.com.cn/finalpage/2026-04-30/1225261258.PDF,204,PDF,SHKCB,251302||253201
sse_a,人工智能,688318,688318,财富趋势,9900022732,1225261013,关于参加十五五·未来产业——科创企业产业迭代与创新赋能之2025年度人工智能行业集体业绩说明会暨2026年第一季度业绩说明会的公告,2026-04-29,1777478400000,finalpage/2026-04-30/1225261013.PDF,https://static.cninfo.com.cn/finalpage/2026-04-30/1225261013.PDF,70,PDF,SHKCB,251302||253201
sse_a,人工智能,688088,688088,虹软科技,9900038968,1225282370,关于参加十五五·未来产业——科创企业产业迭代与创新赋能之2025年度人工智能行业集体业绩说明会暨召开2026年第一季度业绩说明会的公告,2026-05-07,1778169600000,finalpage/2026-05-08/1225282370.PDF,https://static.cninfo.com.cn/finalpage/2026-05-08/1225282370.PDF,103,PDF,SHKCB,251302||253201
sse_a,人工智能,688228,688228,开普云,gfbj0870863,1225281736,关于参加2025年度科创板人工智能行业集体业绩说明会暨2026年第一季度业绩说明会的公告,2026-05-07,1778169600000,finalpage/2026-05-08/1225281736.PDF,https://static.cninfo.com.cn/finalpage/2026-05-08/1225281736.PDF,105,PDF,SHKCB,251302||253201
sse_a,人工智能,688619,688619,罗普特,9900041860,1225282251,罗普特科技集团股份有限公司关于参加2025年度科创板人工智能行业集体业绩说明会暨2026年第一季度业绩说明会的公告,2026-05-07,1778169600000,finalpage/2026-05-08/1225282251.PDF,https://static.cninfo.com.cn/finalpage/2026-05-08/1225282251.PDF,108,PDF,SHKCB,251302||253201
sse_a,人工智能,688168,688168,安博通,gfbj0839570,1225285884,关于参加“十五五·未来产业——科创企业产业迭代与创新赋能之2025年度人工智能行业”集体业绩说明会的公告,2026-05-08,1778256000000,finalpage/2026-05-09/1225285884.PDF,https://static.cninfo.com.cn/finalpage/2026-05-09/1225285884.PDF,137,PDF,SHKCB,251302||253201
sse_a,人工智能,688207,688207,格灵深瞳,9900047656,1225284426,格灵深瞳关于参加十五五·未来产业——科创企业产业迭代与创新赋能之2025年度人工智能行业集体业绩说明会暨2026年第一季度业绩说明会的公告,2026-05-08,1778256000000,finalpage/2026-05-09/1225284426.PDF,https://static.cninfo.com.cn/finalpage/2026-05-09/1225284426.PDF,116,PDF,SHKCB,251302||253201
sse_a,人工智能,688004,688004,博汇科技,gfbj0871038,1225287211,博汇科技关于参加十五五·未来产业——科创企业产业迭代与创新赋能之2025年度人工智能行业集体业绩说明会暨召开2026年第一季度业绩说明会的公告,2026-05-10,1778428800000,finalpage/2026-05-11/1225287211.PDF,https://static.cninfo.com.cn/finalpage/2026-05-11/1225287211.PDF,117,PDF,SHKCB,251302||253201
sse_a,人工智能,688081,688081,兴图新科,9900039664,1225291351,关于召开十五五·未来产业——科创企业产业迭代与创新赋能之2025年度人工智能行业集体业绩说明会暨2026年第一季度业绩说明会的公告,2026-05-11,1778515200000,finalpage/2026-05-12/1225291351.PDF,https://static.cninfo.com.cn/finalpage/2026-05-12/1225291351.PDF,116,PDF,SHKCB,251302||253201
sse_a,人工智能,688208,688208,道通科技,9900031482,1225291539,道通科技关于参加十五五·未来产业——科创企业产业迭代与创新赋能之2025年度人工智能行业集体业绩说明会暨2026年第一季度业绩说明会的公告,2026-05-11,1778515200000,finalpage/2026-05-12/1225291539.PDF,https://static.cninfo.com.cn/finalpage/2026-05-12/1225291539.PDF,110,PDF,SHKCB,251302||253201
sse_a,人工智能,688615,688615,合合信息,9900046400,1225291092,上海合合信息科技股份有限公司关于参加2025年度人工智能行业集体业绩说明会暨2026年第一季度业绩说明会的公告,2026-05-11,1778515200000,finalpage/2026-05-12/1225291092.PDF,https://static.cninfo.com.cn/finalpage/2026-05-12/1225291092.PDF,90,PDF,SHKCB,251302||253201
sse_a,人工智能,688003,688003,天准科技,gfbj0833231,1225300162,关于参加十五五·未来产业——科创企业产业迭代与创新赋能之2025年度人工智能行业集体业绩说明会暨2026年第一季度业绩说明会的公告,2026-05-12,1778601600000,finalpage/2026-05-13/1225300162.PDF,https://static.cninfo.com.cn/finalpage/2026-05-13/1225300162.PDF,69,PDF,SHKCB,251302||253201
sse_a,人工智能,688078,688078,龙软科技,9900024805,1225300464,北京龙软科技股份有限公司关于参加2025年度人工智能行业集体业绩说明会暨2026年第一季度业绩说明会的公告,2026-05-12,1778601600000,finalpage/2026-05-13/1225300464.PDF,https://static.cninfo.com.cn/finalpage/2026-05-13/1225300464.PDF,116,PDF,SHKCB,251302||253201
sse_a,人工智能,688158,688158,优刻得,9900039004,1225301115,优刻得关于参加十五五·未来产业——科创企业产业迭代与创新赋能之2025年度人工智能行业集体业绩说明会暨2026年第一季度业绩说明会的公告,2026-05-12,1778601600000,finalpage/2026-05-13/1225301115.PDF,https://static.cninfo.com.cn/finalpage/2026-05-13/1225301115.PDF,70,PDF,SHKCB,251302||253201
sse_a,人工智能,688159,688159,有方科技,gfbj0835770,1225301051,有方科技：关于参加十五五·未来产业——科创企业产业迭代与创新赋能之2025年度人工智能行业集体业绩说明会暨2026年第一季度业绩说明会的公告,2026-05-12,1778601600000,finalpage/2026-05-13/1225301051.PDF,https://static.cninfo.com.cn/finalpage/2026-05-13/1225301051.PDF,69,PDF,SHKCB,251302||253201
sse_a,人工智能,688229,688229,博睿数据,9900034679,1225300134,关于参加十五五·未来产业——科创企业产业迭代与创新赋能之2025年度人工智能行业集体业绩说明会的公告,2026-05-12,1778601600000,finalpage/2026-05-13/1225300134.PDF,https://static.cninfo.com.cn/finalpage/2026-05-13/1225300134.PDF,107,PDF,SHKCB,251302||253201
sse_a,人工智能,688327,688327,云从科技,9900046632,1225301200,关于参加十五五·未来产业——科创企业产业迭代与创新赋能之2025年度人工智能行业集体业绩说明会暨2026年第一季度业绩说明会的公告,2026-05-12,1778601600000,finalpage/2026-05-13/1225301200.PDF,https://static.cninfo.com.cn/finalpage/2026-05-13/1225301200.PDF,138,PDF,SHKCB,251302||253201
sse_a,人工智能,688561,688561,奇安信,9900041361,1225300466,奇安信关于参加十五五·未来产业——科创企业产业迭代与创新赋能之2025年度人工智能行业集体业绩说明会的公告,2026-05-12,1778601600000,finalpage/2026-05-13/1225300466.PDF,https://static.cninfo.com.cn/finalpage/2026-05-13/1225300466.PDF,106,PDF,SHKCB,251302||253201
sse_a,人工智能,688568,688568,中科星图,9900038994,1225301021,中科星图股份有限公司关于参加十五五·未来产业——科创企业产业迭代与创新赋能之2025年度人工智能行业集体业绩说明会的公告,2026-05-12,1778601600000,finalpage/2026-05-13/1225301021.PDF,https://static.cninfo.com.cn/finalpage/2026-05-13/1225301021.PDF,109,PDF,SHKCB,251302||253201
sse_a,人工智能,688648,688648,中邮科技,9900053181,1225300145,关于参加十五五·未来产业——科创企业产业迭代与创新赋能之2025年度人工智能行业集体业绩说明会暨2026年第一季度业绩说明会的公告,2026-05-12,1778601600000,finalpage/2026-05-13/1225300145.PDF,https://static.cninfo.com.cn/finalpage/2026-05-13/1225300145.PDF,115,PDF,SHKCB,251302||253201
